City_ID,City,Country,Date,Lat,Lng,Max Temp,Humidity,Cloudiness,Wind Speed
0,Ushuaia,AR,2022-07-30 05:48:06,-54.8,-68.3,40.66,65,75,10.36
1,Mar Del Plata,AR,2022-07-30 05:48:07,-38.0023,-57.5575,50.88,74,0,4.0
2,Hobart,AU,2022-07-30 05:48:07,-42.8794,147.3294,52.27,56,20,11.5
3,Punta Arenas,CL,2022-07-30 05:48:08,-53.15,-70.9167,39.31,81,40,31.07
4,Saint George,US,2022-07-30 05:43:13,37.1041,-113.5841,78.44,57,0,11.5
5,Port Hardy,CA,2022-07-30 05:48:09,50.6996,-127.4199,68.18,56,20,5.75
6,Rikitea,PF,2022-07-30 05:48:09,-23.1203,-134.9692,73.09,74,19,15.88
7,Sao Miguel Do Araguaia,BR,2022-07-30 05:48:10,-13.275,-50.1628,70.16,36,5,2.15
8,Touros,BR,2022-07-30 05:46:54,-5.1989,-35.4608,74.05,89,50,5.93
9,Provideniya,RU,2022-07-30 05:48:10,64.3833,-173.3,51.89,70,100,0.85
10,Rong Kwang,TH,2022-07-30 05:48:11,18.339,100.3174,90.88,57,100,4.29
11,Kodiak,US,2022-07-30 05:48:12,57.79,-152.4072,54.91,94,100,6.91
12,Orito,CO,2022-07-30 05:48:12,0.6766,-76.8771,68.14,92,45,3.62
13,Fairbanks,US,2022-07-30 05:48:13,64.8378,-147.7164,73.36,38,75,3.44
14,Gravdal,NO,2022-07-30 05:48:13,68.1214,13.5031,56.34,74,14,7.36
15,Saskylakh,RU,2022-07-30 05:48:14,71.9167,114.0833,76.12,42,5,6.11
16,Golden,US,2022-07-30 05:46:16,39.7555,-105.2211,67.42,69,0,4.61
17,Jamestown,US,2022-07-30 05:47:59,42.097,-79.2353,65.71,72,75,6.91
18,Hermanus,ZA,2022-07-30 05:48:14,-34.4187,19.2345,41.81,77,79,11.01
19,Fort Nelson,CA,2022-07-30 05:48:15,58.8053,-122.7002,56.79,94,75,4.61
20,Hithadhoo,MV,2022-07-30 05:48:15,-0.6,73.0833,80.51,80,100,19.91
21,Atambua,ID,2022-07-30 05:48:16,-9.1061,124.8925,81.9,51,97,1.03
22,Albany,US,2022-07-30 05:45:33,42.6001,-73.9662,70.21,82,35,3.96
23,Dikson,RU,2022-07-30 05:48:17,73.5069,80.5464,40.48,94,100,18.92
24,Cape Town,ZA,2022-07-30 05:48:17,-33.9258,18.4232,52.12,90,20,8.05
25,Nikolskoye,RU,2022-07-30 05:48:18,59.7035,30.7861,64.87,72,79,10.36
26,Busselton,AU,2022-07-30 05:48:18,-33.65,115.3333,54.79,58,90,16.26
27,Kavieng,PG,2022-07-30 05:48:19,-2.5744,150.7967,84.22,67,49,8.14
28,Monterey,US,2022-07-30 05:44:31,36.2505,-121.2516,59.63,75,2,4.54
29,Chapais,CA,2022-07-30 05:48:19,49.7834,-74.8492,56.98,98,100,5.97
30,Atuona,PF,2022-07-30 05:48:20,-9.8,-139.0333,77.09,70,3,17.0
31,Mangai,CD,2022-07-30 05:48:20,-4.05,19.5333,72.59,71,16,3.33
32,Kulhudhuffushi,MV,2022-07-30 05:48:21,6.6221,73.07,80.98,80,44,16.87
33,Paragominas,BR,2022-07-30 05:48:22,-2.9667,-47.4833,73.98,86,83,2.17
34,Vihari,PK,2022-07-30 05:48:22,30.0333,72.35,92.21,59,98,11.83
35,Kodinsk,RU,2022-07-30 05:48:23,58.6881,99.1844,72.21,72,99,4.68
36,Chuy,UY,2022-07-30 05:48:23,-33.6971,-53.4616,42.42,77,0,4.32
37,Tasiilaq,GL,2022-07-30 05:48:24,65.6145,-37.6368,37.56,76,22,5.57
38,Tawang,IN,2022-07-30 05:48:25,27.5833,91.8667,65.3,79,91,6.11
39,Juazeiro,BR,2022-07-30 05:48:25,-9.4117,-40.4986,73.58,78,0,6.91
40,Port Blair,IN,2022-07-30 05:47:13,11.6667,92.75,85.35,71,76,10.51
41,Iqaluit,CA,2022-07-30 05:48:26,63.7506,-68.5145,44.33,81,75,2.3
42,Carnarvon,AU,2022-07-30 05:48:26,-24.8667,113.6333,67.84,51,99,16.46
43,South Lake Tahoe,US,2022-07-30 05:44:35,38.9332,-119.9844,75.09,40,0,0.0
44,Aranos,NA,2022-07-30 05:48:27,-24.1333,19.1167,46.72,33,29,6.15
45,Maarianhamina,AX,2022-07-30 05:48:28,60.0973,19.9348,60.66,63,0,5.75
46,Mataura,NZ,2022-07-30 05:48:28,-46.1927,168.8643,41.49,97,100,1.61
47,Muravlenko,RU,2022-07-30 05:48:30,63.7898,74.523,76.3,40,95,13.24
48,Tarbagatay,RU,2022-07-30 05:48:31,51.4803,107.3602,69.33,46,63,8.32
49,Antalaha,MG,2022-07-30 05:48:31,-14.9003,50.2788,73.9,72,36,8.81
50,Georgetown,MY,2022-07-30 05:47:17,5.4112,100.3354,89.89,72,20,9.22
51,Upernavik,GL,2022-07-30 05:48:32,72.7868,-56.1549,43.36,77,100,3.31
52,Sao Filipe,CV,2022-07-30 05:48:32,14.8961,-24.4956,77.13,80,94,10.33
53,Dunda,TZ,2022-07-30 05:48:33,-8.1167,34.25,67.32,57,86,5.46
54,Portland,US,2022-07-30 05:48:33,45.5234,-122.6762,85.95,65,0,6.91
55,Tabou,CI,2022-07-30 05:48:33,4.423,-7.3528,73.06,76,54,5.35
56,Victoria,HK,2022-07-30 05:43:50,22.2855,114.1577,82.45,64,35,10.04
57,Kolvereid,NO,2022-07-30 05:48:34,64.8655,11.6047,58.86,64,58,7.07
58,Ribeira Grande,PT,2022-07-30 05:48:35,38.5167,-28.7,73.09,69,3,1.25
59,Bredasdorp,ZA,2022-07-30 05:48:35,-34.5322,20.0403,45.46,82,87,7.58
60,Ambunti,PG,2022-07-30 05:48:36,-4.2365,142.8448,85.71,66,88,1.3
61,Santa Cruz,BO,2022-07-30 05:45:31,-17.8,-63.1667,56.66,54,20,5.75
62,Barrow,US,2022-07-30 05:48:37,71.2906,-156.7887,32.02,100,100,5.75
63,Bluff,NZ,2022-07-30 05:48:37,-46.6,168.3333,41.81,66,86,9.37
64,Juneau,US,2022-07-30 05:48:22,58.3019,-134.4197,61.21,96,100,0.0
65,Nouadhibou,MR,2022-07-30 05:48:38,20.931,-17.0347,69.78,88,24,16.11
66,Lompoc,US,2022-07-30 05:48:38,34.6391,-120.4579,60.94,87,100,6.91
67,Westport,US,2022-07-30 05:47:57,41.1415,-73.3579,76.55,93,100,0.0
68,Butaritari,KI,2022-07-30 05:48:39,3.0707,172.7902,82.24,73,21,14.81
69,Barrington,US,2022-07-30 05:48:40,41.7407,-71.3087,76.19,80,100,9.22
70,Benguela,AO,2022-07-30 05:48:40,-12.5763,13.4055,67.6,83,0,0.81
71,Wanlaweyn,SO,2022-07-30 05:48:41,2.6185,44.8938,79.66,61,71,17.25
72,Poum,NC,2022-07-30 05:48:41,-20.2333,164.0167,71.96,83,98,29.33
73,Tiszasuly,HU,2022-07-30 05:48:42,47.3833,20.4,74.19,64,84,7.58
74,Jamsa,FI,2022-07-30 05:48:42,61.8642,25.19,58.14,93,100,6.55
75,Bud,US,2022-07-30 05:48:43,39.447,-86.1758,66.04,87,89,3.65
76,Takoradi,GH,2022-07-30 05:48:43,4.8845,-1.7554,72.63,84,94,6.15
77,Pathein,MM,2022-07-30 05:48:44,16.7833,94.7333,91.8,53,100,8.88
78,Vaini,TO,2022-07-30 05:48:44,-21.2,-175.2,77.16,94,75,8.05
79,Praia Da Vitoria,PT,2022-07-30 05:48:45,38.7333,-27.0667,70.05,88,20,2.24
80,Nelson Bay,AU,2022-07-30 05:48:46,-32.7167,152.15,61.09,68,29,5.01
81,Hasaki,JP,2022-07-30 05:48:46,35.7333,140.8333,90.0,79,62,11.14
82,Waikuku,NZ,2022-07-30 05:48:47,-43.3,172.6833,47.01,93,100,10.38
83,Dingle,PH,2022-07-30 05:48:47,10.9995,122.6711,81.52,79,100,11.5
84,Airai,TL,2022-07-30 05:48:48,-8.9266,125.4092,73.02,47,82,3.91
85,Saint-Joseph,RE,2022-07-30 05:48:48,-21.3667,55.6167,74.21,74,26,14.9
86,Bandarbeyla,SO,2022-07-30 05:48:49,9.4942,50.8122,83.41,59,13,26.87
87,Sandila,IN,2022-07-30 05:47:15,27.0833,80.5167,92.64,53,75,6.62
88,Soyo,AO,2022-07-30 05:48:50,-6.1349,12.3689,69.13,93,18,7.45
89,Lebu,CL,2022-07-30 05:48:43,-37.6167,-73.65,47.57,84,100,15.55
90,Tuktoyaktuk,CA,2022-07-30 05:48:50,69.4541,-133.0374,39.2,75,75,11.5
91,Kapaa,US,2022-07-30 05:45:01,22.0752,-159.319,80.58,77,40,10.36
92,Vila Franca Do Campo,PT,2022-07-30 05:48:52,37.7167,-25.4333,72.01,76,42,4.29
93,Puerto Ayora,EC,2022-07-30 05:48:53,-0.7393,-90.3518,70.56,92,94,7.0
94,Longyearbyen,SJ,2022-07-30 05:48:54,78.2186,15.6401,48.04,93,75,0.0
95,Kalevala,RU,2022-07-30 05:48:54,65.2,31.1667,48.04,95,100,10.29
96,New Norfolk,AU,2022-07-30 05:48:54,-42.7826,147.0587,51.93,66,4,5.01
97,Palana,RU,2022-07-30 05:48:55,59.1167,159.9667,50.52,81,94,14.41
98,Teguise,ES,2022-07-30 05:48:56,29.0605,-13.564,68.22,83,20,19.57
99,Tura,IN,2022-07-30 05:48:56,25.5198,90.2201,82.47,86,71,4.9
100,Tual,ID,2022-07-30 05:48:56,-5.6667,132.75,78.87,86,84,19.1
101,Vryburg,ZA,2022-07-30 05:48:57,-26.9566,24.7284,53.44,47,69,6.67
102,Hilo,US,2022-07-30 05:48:58,19.7297,-155.09,80.28,86,75,1.01
103,Vila,PT,2022-07-30 05:48:58,42.0304,-8.1588,53.71,89,8,5.73
104,Nantucket,US,2022-07-30 05:48:59,41.2835,-70.0995,78.91,97,100,5.75
105,Luderitz,NA,2022-07-30 05:48:59,-26.6481,15.1594,53.4,74,8,8.03
106,Kultuk,RU,2022-07-30 05:49:00,51.7208,103.6956,69.3,58,87,4.16
107,Ilek,RU,2022-07-30 05:49:00,51.5271,53.3831,77.07,48,20,5.93
108,Cedar City,US,2022-07-30 05:45:22,37.6775,-113.0619,66.4,77,0,16.11
109,Lallayug,PH,2022-07-30 05:49:01,17.7052,121.4398,91.6,61,76,4.65
110,Skegness,GB,2022-07-30 05:49:02,53.1436,0.3363,64.06,80,100,10.04
111,Lata,PT,2022-07-30 05:49:02,40.1629,-8.3327,65.41,71,0,4.85
112,Nadym,RU,2022-07-30 05:49:03,65.5333,72.5167,77.34,42,56,14.47
113,Zalantun,CN,2022-07-30 05:49:04,48.0,122.7167,81.84,62,31,8.37
114,Souillac,MU,2022-07-30 05:49:04,-20.5167,57.5167,70.18,78,40,13.8
115,Qaanaaq,GL,2022-07-30 05:49:05,77.484,-69.3632,36.95,65,0,6.2
116,Avarua,CK,2022-07-30 05:49:05,-21.2078,-159.775,75.25,88,40,9.22
117,Bathsheba,BB,2022-07-30 05:49:06,13.2167,-59.5167,81.21,89,40,17.27
118,Ivnya,RU,2022-07-30 05:49:06,51.0629,36.1343,67.75,57,16,3.89
119,Nanortalik,GL,2022-07-30 05:49:07,60.1432,-45.2371,44.53,91,33,10.54
120,Batticaloa,LK,2022-07-30 05:49:07,7.7102,81.6924,85.3,64,100,5.68
121,Petropavlovsk-Kamchatskiy,RU,2022-07-30 05:49:08,53.0452,158.6483,55.99,100,75,8.95
122,Qui Nhon,VN,2022-07-30 05:49:08,13.7667,109.2333,92.14,56,75,7.23
123,Port Alfred,ZA,2022-07-30 05:49:09,-33.5906,26.891,57.88,78,70,10.87
124,Seoul,KR,2022-07-30 05:49:09,37.5683,126.9778,96.37,47,40,14.97
125,Plettenberg Bay,ZA,2022-07-30 05:49:10,-34.0527,23.3716,53.73,73,100,6.62
126,San Cristobal,VE,2022-07-30 05:49:11,7.7669,-72.225,69.98,96,55,2.06
127,Tatvan,TR,2022-07-30 05:49:11,38.5067,42.2817,80.76,31,0,5.32
128,Ambon,ID,2022-07-30 05:49:12,-3.6954,128.1814,80.74,89,40,3.44
129,Juan Lacaze,UY,2022-07-30 05:49:12,-34.4342,-57.4381,46.11,67,3,8.61
130,Shimoda,JP,2022-07-30 05:49:13,34.6667,138.95,93.11,69,20,10.45
131,Laguna,US,2022-07-30 05:49:14,38.421,-121.4238,79.18,71,0,8.05
132,Oistins,BB,2022-07-30 05:45:54,13.0667,-59.5333,80.69,78,40,17.27
133,Nuevo Casas Grandes,MX,2022-07-30 05:49:14,30.4167,-107.9167,72.43,61,53,0.67
134,Camacha,PT,2022-07-30 05:49:15,33.0833,-16.3333,67.42,78,40,12.66
135,Sitka,US,2022-07-30 05:49:15,57.0531,-135.33,57.09,94,100,0.0
136,Acapulco,MX,2022-07-30 05:49:16,16.8634,-99.8901,80.42,78,40,6.91
137,Cidreira,BR,2022-07-30 05:49:16,-30.1811,-50.2056,51.19,88,42,8.9
138,Turayf,SA,2022-07-30 05:49:17,31.6725,38.6637,88.05,20,0,9.22
139,Waitati,NZ,2022-07-30 05:49:18,-45.75,170.5667,41.81,81,100,3.53
140,Nyuksenitsa,RU,2022-07-30 05:49:19,60.4128,44.2397,59.56,98,100,0.94
141,Bethel,US,2022-07-30 05:46:02,41.3712,-73.414,74.48,83,100,3.44
142,Klaksvik,FO,2022-07-30 05:49:19,62.2266,-6.589,52.72,98,100,20.4
143,Tilichiki,RU,2022-07-30 05:49:20,60.4667,166.1,50.2,90,100,28.74
144,Constantine,DZ,2022-07-30 05:49:20,36.365,6.6147,74.61,60,0,2.3
145,Tiksi,RU,2022-07-30 05:49:21,71.6872,128.8694,49.96,75,97,6.13
146,Tuatapere,NZ,2022-07-30 05:49:21,-46.1333,167.6833,40.28,84,97,2.82
147,Broken Hill,AU,2022-07-30 05:47:30,-31.95,141.4333,59.11,34,87,13.51
148,Hamilton,US,2022-07-30 05:46:56,39.1834,-84.5333,66.58,87,0,4.61
149,Gamba,GA,2022-07-30 05:49:22,-2.65,10.0,69.64,91,76,1.99
150,Saint-Philippe,RE,2022-07-30 05:49:23,-21.3585,55.7679,75.22,78,54,15.55
151,Chimbote,PE,2022-07-30 05:49:23,-9.0853,-78.5783,60.96,90,65,7.18
152,Zhengjiatun,CN,2022-07-30 05:49:24,43.5064,123.5064,81.68,75,96,10.87
153,Prince Rupert,CA,2022-07-30 05:49:24,54.3161,-130.3201,62.29,94,0,10.36
154,Luba,GQ,2022-07-30 05:49:25,3.4568,8.5547,73.29,89,83,4.63
155,Klyuchevsk,RU,2022-07-30 05:49:25,57.1216,60.9414,71.53,48,22,6.17
156,Abha,SA,2022-07-30 05:49:25,18.2164,42.5053,71.42,60,0,0.0
157,Keetmanshoop,NA,2022-07-30 05:49:26,-26.5833,18.1333,42.76,75,4,1.86
158,Mirabad,AF,2022-07-30 05:49:27,30.4362,61.8383,97.93,17,67,27.07
159,Port Hedland,AU,2022-07-30 05:49:27,-20.3167,118.5667,84.25,10,5,8.05
160,Kangundo,KE,2022-07-30 05:49:27,-1.2979,37.3471,59.34,75,96,3.33
161,Castro,BR,2022-07-30 05:49:28,-24.7911,-50.0119,39.27,91,0,1.74
162,Pakaur,IN,2022-07-30 05:49:28,24.6333,87.85,97.93,42,88,5.95
163,Aklavik,CA,2022-07-30 05:49:29,68.2191,-135.0107,39.74,96,100,2.95
164,Opuwo,NA,2022-07-30 05:49:29,-18.0607,13.84,55.33,34,18,0.54
165,Kununurra,AU,2022-07-30 05:49:30,-15.7667,128.7333,87.78,18,16,5.75
166,Comodoro Rivadavia,AR,2022-07-30 05:45:16,-45.8667,-67.5,42.66,61,0,5.75
167,Indramayu,ID,2022-07-30 05:49:30,-6.3264,108.32,85.01,63,59,10.78
168,Kieta,PG,2022-07-30 05:49:31,-6.2167,155.6333,82.78,74,89,5.3
169,Asyut,EG,2022-07-30 05:49:32,27.181,31.1837,89.06,23,2,8.32
170,Gao,ML,2022-07-30 05:49:32,16.6362,1.637,81.05,59,56,4.9
171,Pacific Grove,US,2022-07-30 05:49:33,36.6177,-121.9166,61.25,90,100,9.22
172,Kansanshi,ZM,2022-07-30 05:49:33,-12.0951,26.4273,57.0,51,34,5.93
173,Ponta Do Sol,PT,2022-07-30 05:49:34,32.6667,-17.1,74.01,81,18,4.99
174,Fortuna,US,2022-07-30 05:49:34,40.5982,-124.1573,58.66,92,100,3.44
175,Pochutla,MX,2022-07-30 05:49:35,15.7432,-96.4661,78.82,88,77,5.08
176,Doha,QA,2022-07-30 05:47:16,25.2867,51.5333,95.31,75,20,14.97
177,Coihaique,CL,2022-07-30 05:49:35,-45.5752,-72.0662,38.01,86,0,3.44
178,Warmbad,NA,2022-07-30 05:49:36,-28.45,18.7333,45.39,84,38,2.37
179,Crewe,GB,2022-07-30 05:49:36,53.0979,-2.4416,62.83,76,100,4.0
180,Dabat,ET,2022-07-30 05:49:37,12.9842,37.765,60.13,71,100,2.73
181,Vallenar,CL,2022-07-30 05:49:37,-28.5708,-70.7581,56.52,76,40,3.89
182,Virginia Beach,US,2022-07-30 05:48:10,36.8529,-75.978,78.03,94,20,11.5
183,Vestmanna,FO,2022-07-30 05:49:38,62.1564,-7.1664,50.92,100,100,11.5
184,Balkhash,KZ,2022-07-30 05:49:39,46.844,74.9804,79.41,27,0,24.61
185,Lorengau,PG,2022-07-30 05:49:39,-2.0226,147.2712,84.04,72,66,8.52
186,Yeppoon,AU,2022-07-30 05:49:39,-23.1333,150.7333,69.58,70,12,16.67
187,Narsaq,GL,2022-07-30 05:49:40,60.9167,-46.05,44.82,78,48,1.32
188,Pevek,RU,2022-07-30 05:49:41,69.7008,170.3133,49.42,57,54,9.82
189,Santiago Del Estero,AR,2022-07-30 05:47:09,-27.7951,-64.2615,53.08,44,1,6.73
190,Aleksandrov Gay,RU,2022-07-30 05:49:42,50.147,48.5704,83.57,28,27,6.46
191,Clyde River,CA,2022-07-30 05:49:43,70.4692,-68.5914,39.43,100,100,16.11
192,Thompson,CA,2022-07-30 05:46:06,55.7435,-97.8558,53.76,94,20,2.3
193,Kaitangata,NZ,2022-07-30 05:49:44,-46.2817,169.8464,40.19,87,100,4.21
194,Honiara,SB,2022-07-30 05:49:44,-9.4333,159.95,83.57,67,74,3.0
195,Cabo San Lucas,MX,2022-07-30 05:49:41,22.8909,-109.9124,85.6,56,13,7.0
196,Puerto Madryn,AR,2022-07-30 05:49:45,-42.7692,-65.0385,47.37,63,4,5.97
197,Sao Felix Do Xingu,BR,2022-07-30 05:46:00,-6.6447,-51.995,69.98,54,26,1.05
198,Kamaishi,JP,2022-07-30 05:49:46,39.2667,141.8833,81.0,76,100,9.71
199,Khatanga,RU,2022-07-30 05:49:46,71.9667,102.5,71.26,65,92,9.42
200,Terrenate,MX,2022-07-30 05:49:47,19.4833,-97.9167,47.16,95,82,5.57
201,Brownwood,US,2022-07-30 05:46:53,31.7093,-98.9912,88.92,55,94,12.5
202,Coquimbo,CL,2022-07-30 05:49:47,-29.9533,-71.3436,55.13,87,100,3.44
203,Cuamba,MZ,2022-07-30 05:49:48,-14.8031,36.5372,66.61,61,1,1.32
204,Faanui,PF,2022-07-30 05:49:48,-16.4833,-151.75,79.34,72,2,20.8
205,Zemio,CF,2022-07-30 05:49:49,5.0314,25.1361,69.44,87,94,1.77
206,Benghazi,LY,2022-07-30 05:49:49,32.1167,20.0667,80.91,76,0,6.58
207,Rocha,UY,2022-07-30 05:49:50,-34.4833,-54.3333,42.66,66,0,4.03
208,Yellowknife,CA,2022-07-30 05:49:50,62.456,-114.3525,61.32,55,75,4.61
209,Harrison,US,2022-07-30 05:49:51,30.4091,-89.0436,80.65,92,0,0.0
210,Adrar,MR,2022-07-30 05:49:51,20.5022,-10.0711,81.0,52,62,9.89
211,Presidente Dutra,BR,2022-07-30 05:49:52,-5.29,-44.49,70.83,89,13,2.77
212,Jiwani,PK,2022-07-30 05:49:52,25.05,61.7417,82.09,80,100,11.95
213,Chumikan,RU,2022-07-30 05:49:53,54.7183,135.315,60.98,91,100,2.98
214,Geraldton,AU,2022-07-30 05:49:53,-28.7667,114.6,64.81,59,75,16.11
215,Port Macquarie,AU,2022-07-30 05:49:47,-31.4333,152.9167,62.89,63,74,5.88
216,Bairiki,KI,2022-07-30 05:49:54,1.3292,172.9752,84.2,70,20,10.36
217,Husavik,IS,2022-07-30 05:49:55,66.0449,-17.3389,43.3,87,100,14.27
218,Berlin,DE,2022-07-30 05:45:46,52.5244,13.4105,68.95,61,0,5.75
219,Lagoa,PT,2022-07-30 05:49:56,39.05,-27.9833,71.94,72,0,3.29
220,Taltal,CL,2022-07-30 05:48:01,-25.4,-70.4833,55.35,88,40,3.2
221,Komsomolskiy,UZ,2022-07-30 05:49:57,40.4272,71.7189,86.72,30,86,6.91
222,Winslow,US,2022-07-30 05:49:57,35.0242,-110.6974,68.18,88,20,5.75
223,Lansing,US,2022-07-30 05:45:08,42.7325,-84.5555,62.65,81,0,3.44
224,Alofi,NU,2022-07-30 05:49:58,-19.0595,-169.9187,76.89,88,10,9.22
225,Yulara,AU,2022-07-30 05:49:58,-25.2406,130.9889,69.53,17,100,8.77
226,Aykhal,RU,2022-07-30 05:49:59,66.0,111.5,82.94,39,100,10.65
227,Contamana,PE,2022-07-30 05:49:59,-7.3333,-75.0167,72.52,81,15,0.22
228,Umm Kaddadah,SD,2022-07-30 05:50:00,13.6017,26.6876,79.81,64,92,6.24
229,San Lorenzo,PY,2022-07-30 05:50:00,-25.3333,-57.5333,45.59,87,0,0.0
230,Kapuskasing,CA,2022-07-30 05:50:01,49.4169,-82.4331,57.29,100,75,9.22
231,Muros,ES,2022-07-30 05:50:01,42.7762,-9.0603,67.08,70,4,13.49
232,Pangai,TO,2022-07-30 05:50:02,-19.8,-174.35,78.91,89,20,16.11
233,Portobelo,PA,2022-07-30 05:50:03,9.55,-79.65,79.11,86,82,6.2
234,Teya,RU,2022-07-30 05:50:03,60.3778,92.6267,77.43,61,100,4.25
235,Amsterdam,NL,2022-07-30 05:45:09,52.374,4.8897,62.89,88,20,3.44
236,Ereymentau,KZ,2022-07-30 05:50:05,51.6199,73.1033,63.81,89,98,11.41
237,Vestmannaeyjar,IS,2022-07-30 05:50:05,63.4427,-20.2734,47.05,75,100,23.71
238,Harper,LR,2022-07-30 05:50:06,4.375,-7.7169,74.46,75,62,5.48
239,Havre-Saint-Pierre,CA,2022-07-30 05:50:06,50.2334,-63.5986,55.76,100,100,5.75
240,Satka,RU,2022-07-30 05:50:07,55.0425,59.04,68.41,52,63,6.04
241,Davila,PH,2022-07-30 05:50:07,18.4726,120.5763,89.58,72,95,12.01
242,Port-Gentil,GA,2022-07-30 05:50:08,-0.7193,8.7815,74.52,83,100,9.51
243,Chokurdakh,RU,2022-07-30 05:49:08,70.6333,147.9167,69.1,34,33,11.79
244,Kimbe,PG,2022-07-30 05:50:08,-5.5502,150.1429,85.14,68,74,4.5
245,East London,ZA,2022-07-30 05:50:09,-33.0153,27.9116,54.54,82,20,11.5
246,Paso De Carrasco,UY,2022-07-30 05:50:09,-34.8603,-56.0522,50.95,70,0,5.75
247,Kande,TG,2022-07-30 05:50:10,9.9578,1.0447,71.15,98,100,2.33
248,Dzerzhinskoye,RU,2022-07-30 05:50:10,56.8344,95.2283,63.43,97,100,6.26
249,Tacoronte,ES,2022-07-30 05:50:11,28.4769,-16.4102,69.13,87,40,19.57
250,Bubaque,GW,2022-07-30 05:50:11,11.2833,-15.8333,79.14,76,97,15.86
251,Bengkulu,ID,2022-07-30 05:50:12,-3.8004,102.2655,83.57,65,93,6.69
252,Saint Anthony,US,2022-07-30 05:46:06,45.0205,-93.218,67.3,80,0,4.61
253,General Roca,AR,2022-07-30 05:50:13,-39.0333,-67.5833,50.92,42,92,5.95
254,Maniitsoq,GL,2022-07-30 05:50:13,65.4167,-52.9,44.67,84,100,14.0
255,Jackson,US,2022-07-30 05:50:14,42.4165,-122.8345,89.15,45,37,2.06
256,Pisco,PE,2022-07-30 05:50:14,-13.7,-76.2167,60.85,82,100,12.66
257,Kamenka,RU,2022-07-30 05:50:15,51.3223,42.7678,73.02,56,5,8.39
258,Miandrivazo,MG,2022-07-30 05:50:15,-19.5167,45.4667,77.52,54,70,1.72
259,Banjar,ID,2022-07-30 05:50:16,-8.19,114.9675,85.37,62,46,3.33
260,Bada,RU,2022-07-30 05:50:16,51.392,109.8717,72.61,50,41,9.55
261,Quzhou,CN,2022-07-30 05:50:17,28.9594,118.8686,95.7,48,2,1.95
262,Kidal,ML,2022-07-30 05:50:17,18.4411,1.4078,82.4,56,10,5.91
263,Mahebourg,MU,2022-07-30 05:50:18,-20.4081,57.7,72.25,78,40,13.8
264,Derzhavinsk,KZ,2022-07-30 05:50:18,51.1,66.3167,65.05,84,99,18.75
265,Te Anau,NZ,2022-07-30 05:50:19,-45.4167,167.7167,36.36,97,100,3.51
266,Wuwei,CN,2022-07-30 05:50:19,37.9281,102.6414,91.69,17,24,15.48
267,Mantua,IT,2022-07-30 05:50:20,45.1667,10.7833,70.84,89,6,5.01
268,Puerto Leguizamo,CO,2022-07-30 05:50:20,-0.1934,-74.7819,71.17,97,74,1.41
269,Salalah,OM,2022-07-30 05:50:21,17.0151,54.0924,76.55,86,97,8.72
270,Hobbs,US,2022-07-30 05:50:21,32.7026,-103.136,83.19,36,0,8.05
271,Koumac,NC,2022-07-30 05:50:21,-20.5667,164.2833,70.84,83,85,19.48
272,Severo-Yeniseyskiy,RU,2022-07-30 05:50:22,60.3725,93.0408,74.3,61,100,4.68
273,Caohai,CN,2022-07-30 05:50:22,26.8661,104.2841,71.8,68,100,5.44
274,Kuandian,CN,2022-07-30 05:50:23,40.7286,124.7847,78.93,81,100,1.81
275,Qandala,SO,2022-07-30 05:50:23,11.472,49.8728,92.32,44,81,3.02
276,Khani,GE,2022-07-30 05:50:24,41.9563,42.9566,69.37,57,3,3.8
277,Port Elizabeth,ZA,2022-07-30 05:50:25,-33.918,25.5701,54.32,82,0,11.5
278,Ust-Maya,RU,2022-07-30 05:50:25,60.4167,134.5333,85.89,38,100,7.54
279,Urucara,BR,2022-07-30 05:50:26,-2.5364,-57.76,71.94,99,95,3.0
280,Amarante Do Maranhao,BR,2022-07-30 05:50:26,-5.5667,-46.7422,77.04,58,68,2.53
281,Homer,US,2022-07-30 05:50:27,59.6425,-151.5483,60.69,75,100,5.99
282,Veraval,IN,2022-07-30 05:50:27,20.9,70.3667,83.88,71,63,10.78
283,Ketchikan,US,2022-07-30 05:50:09,55.3422,-131.6461,66.67,88,100,4.61
284,Matamoros,MX,2022-07-30 05:50:29,25.5333,-103.25,73.31,61,96,1.21
285,Brae,GB,2022-07-30 05:50:30,60.3964,-1.353,57.24,92,100,24.63
286,Katsuura,JP,2022-07-30 05:50:30,35.1333,140.3,84.83,75,7,14.85
287,Ziro,IN,2022-07-30 05:50:31,27.6333,93.8333,61.54,90,96,1.32
288,Rawson,AR,2022-07-30 05:50:31,-43.3002,-65.1023,46.36,69,25,5.32
289,Lavrentiya,RU,2022-07-30 05:50:32,65.5833,-171.0,47.08,75,100,8.59
290,Takanabe,JP,2022-07-30 05:50:32,32.1333,131.5,84.09,93,77,9.1
291,Tahta,EG,2022-07-30 05:50:33,26.7693,31.5021,89.01,21,6,8.05
292,Dongsheng,CN,2022-07-30 05:50:33,39.8161,109.9776,83.03,30,66,13.13
293,Arraial Do Cabo,BR,2022-07-30 05:50:34,-22.9661,-42.0278,67.05,73,100,15.01
294,Salinas,US,2022-07-30 05:46:06,36.6777,-121.6555,62.01,81,100,9.22
295,San Patricio,US,2022-07-30 05:50:35,28.017,-97.5169,84.88,80,0,11.88
296,Severo-Kurilsk,RU,2022-07-30 05:50:35,50.6789,156.125,53.11,95,100,13.02
297,Port Lincoln,AU,2022-07-30 05:50:36,-34.7333,135.8667,55.02,68,100,23.17
298,Pangnirtung,CA,2022-07-30 05:50:36,66.1451,-65.7125,52.88,85,100,6.24
299,Saint-Pierre,RE,2022-07-30 05:50:37,-21.3393,55.4781,75.29,60,0,9.22
300,San Quintin,MX,2022-07-30 05:50:38,30.4833,-115.95,66.96,84,52,6.93
301,Talnakh,RU,2022-07-30 05:50:38,69.4865,88.3972,70.21,65,50,11.61
302,Anadyr,RU,2022-07-30 05:50:39,64.75,177.4833,54.1,71,40,8.95
303,Porto Recanati,IT,2022-07-30 05:50:39,43.4365,13.6613,77.02,80,48,10.42
304,Concarneau,FR,2022-07-30 05:50:40,47.875,-3.9225,61.59,87,38,4.74
305,Caravelas,BR,2022-07-30 05:50:40,-17.7125,-39.2481,69.44,88,40,10.02
306,Meulaboh,ID,2022-07-30 05:50:40,4.1363,96.1285,83.41,66,100,1.83
307,Nueva Concepcion,GT,2022-07-30 05:50:41,14.2,-91.3,73.9,92,94,3.94
308,West Wendover,US,2022-07-30 05:49:21,40.7391,-114.0733,78.01,27,0,4.61
309,George Town,MY,2022-07-30 05:49:59,5.4112,100.3354,89.89,72,20,9.22
310,Gat,IL,2022-07-30 05:50:42,31.61,34.7642,87.4,100,0,3.94
311,Voyvozh,RU,2022-07-30 05:50:43,62.892,54.9635,78.6,39,92,1.83
312,Bilibino,RU,2022-07-30 05:50:43,68.0546,166.4372,59.7,41,88,3.8
313,Tarauaca,BR,2022-07-30 05:50:44,-8.1614,-70.7656,71.58,84,22,2.71
314,Karratha,AU,2022-07-30 05:50:44,-20.7377,116.8463,79.83,30,28,10.0
315,Malanje,AO,2022-07-30 05:50:45,-9.5402,16.341,58.5,87,2,3.53
316,San Jeronimo,PE,2022-07-30 05:50:45,-11.9472,-75.2829,43.84,82,12,1.54
317,Saldanha,ZA,2022-07-30 05:50:46,-33.0117,17.9442,44.65,72,70,4.21
318,Sotouboua,TG,2022-07-30 05:50:46,8.5667,0.9833,68.86,98,100,3.13
319,Bemidji,US,2022-07-30 05:45:56,47.4736,-94.8803,61.92,93,0,0.0
320,Ostrovnoy,RU,2022-07-30 05:50:47,68.0531,39.5131,48.51,93,100,19.55
321,Atasu,KZ,2022-07-30 05:50:47,48.6814,71.6433,74.34,39,46,6.26
322,Jinka,ET,2022-07-30 05:50:48,5.65,36.65,67.87,64,97,3.4
323,Mana,GF,2022-07-30 05:50:48,5.6592,-53.7767,76.06,89,65,6.8
324,Leh,IN,2022-07-30 05:50:49,34.1667,77.5833,68.38,40,36,6.62
325,Hofn,IS,2022-07-30 05:50:49,64.2539,-15.2082,46.71,65,100,21.97
326,Belmonte,BR,2022-07-30 05:50:50,-15.8631,-38.8828,70.54,87,8,9.91
327,Esperance,AU,2022-07-30 05:48:50,-33.8667,121.9,57.04,58,63,32.17
328,Ravar,IR,2022-07-30 05:50:51,31.2656,56.8055,91.8,22,90,7.52
329,Nhulunbuy,AU,2022-07-30 05:50:51,-12.2333,136.7667,79.41,65,100,13.8
330,Bataipora,BR,2022-07-30 05:50:53,-22.2953,-53.2711,47.82,58,3,3.36
331,Srednekolymsk,RU,2022-07-30 05:50:53,67.45,153.6833,69.91,28,98,5.77
332,Kahului,US,2022-07-30 05:50:53,20.8947,-156.47,84.22,58,40,13.8
333,Sioux Lookout,CA,2022-07-30 05:50:54,50.1001,-91.917,62.67,82,0,4.61
334,Itarema,BR,2022-07-30 05:50:54,-2.9248,-39.9167,77.68,86,15,10.11
335,Lima,PE,2022-07-30 05:50:29,-12.0432,-77.0282,59.25,87,100,2.3
336,Cherskiy,RU,2022-07-30 05:50:55,68.75,161.3,66.72,34,18,13.47
337,Yongan,CN,2022-07-30 05:50:55,39.6957,113.6871,82.04,43,27,8.77
338,Valdosta,US,2022-07-30 05:47:18,30.8327,-83.2785,75.97,92,0,3.44
339,Eregli,TR,2022-07-30 05:50:56,37.5133,34.0467,80.13,22,0,6.02
340,Leningradskiy,RU,2022-07-30 05:50:57,69.3833,178.4167,46.08,72,100,6.96
341,Torbay,CA,2022-07-30 05:46:06,47.6666,-52.7314,58.28,92,100,9.22
342,Irtyshskiy,RU,2022-07-30 05:50:57,58.3333,68.1333,76.62,50,54,10.36
343,Northam,GB,2022-07-30 05:50:58,51.0333,-4.2167,62.62,96,97,8.25
344,Zhuhai,CN,2022-07-30 05:50:59,22.2769,113.5678,101.86,66,20,4.61
345,Wuchi,CN,2022-07-30 05:50:59,29.3786,103.023,65.93,95,100,0.51
346,Vila Velha,BR,2022-07-30 05:50:59,-20.3297,-40.2925,71.55,81,0,9.22
347,Henties Bay,NA,2022-07-30 05:51:00,-22.116,14.2845,51.78,83,25,4.7
348,Kailua,US,2022-07-30 05:51:01,21.4022,-157.7394,82.38,77,0,6.91
349,Sorong,ID,2022-07-30 05:51:01,-0.8833,131.25,82.35,77,73,5.99
350,Dong Hoi,VN,2022-07-30 05:46:53,17.4833,106.6,94.86,51,100,6.13
351,Grand Forks,US,2022-07-30 05:46:25,47.9417,-97.4337,64.78,77,0,8.05
352,Setermoen,NO,2022-07-30 05:51:02,68.861,18.3486,59.43,60,16,4.23
353,Venezuela,VE,2022-07-30 05:51:02,8.0,-66.0,76.86,82,21,5.95
354,Guerrero Negro,MX,2022-07-30 05:49:33,27.9769,-114.0611,68.76,80,70,9.91
355,Yantal,RU,2022-07-30 05:51:05,56.8471,105.2542,60.37,96,100,7.85
356,Girne,CY,2022-07-30 05:51:06,35.3417,33.3167,83.75,54,0,0.54
357,Kukushtan,RU,2022-07-30 05:51:06,57.6464,56.4952,74.82,53,8,5.17
358,North Platte,US,2022-07-30 05:49:47,41.1239,-100.7654,66.11,85,0,11.01
359,Gwanda,ZW,2022-07-30 05:51:07,-20.9333,29.0,56.14,38,0,4.54
360,Arkadak,RU,2022-07-30 05:51:07,51.9326,43.4978,73.58,60,27,8.39
361,Hailun,CN,2022-07-30 05:51:08,47.45,126.9333,81.43,65,81,7.43
362,Kaeo,NZ,2022-07-30 05:51:08,-35.1,173.7833,59.32,80,73,11.05
363,Seymchan,RU,2022-07-30 05:51:09,62.8833,152.4333,67.23,33,69,3.83
364,Margate,GB,2022-07-30 05:51:09,51.3813,1.3862,63.3,81,75,1.99
365,Casma,CL,2022-07-30 05:51:10,-41.0082,-73.1244,42.4,99,90,2.57
366,Aberdeen,GB,2022-07-30 05:48:23,57.1437,-2.0981,59.49,96,75,12.66
367,Sibolga,ID,2022-07-30 05:51:11,1.7427,98.7792,85.05,64,92,5.1
368,Kudahuvadhoo,MV,2022-07-30 05:51:11,2.6708,72.8944,78.98,84,100,17.22
369,Nome,US,2022-07-30 05:50:18,64.5011,-165.4064,60.87,52,0,10.36
370,Hay River,CA,2022-07-30 05:51:12,60.8156,-115.7999,58.98,72,75,5.75
371,Pala,TD,2022-07-30 05:51:12,9.3642,14.9046,69.01,96,100,5.82
372,Ilulissat,GL,2022-07-30 05:51:13,69.2167,-51.1,41.68,74,100,5.14
373,Makakilo City,US,2022-07-30 05:51:04,21.3469,-158.0858,80.92,63,75,12.66
374,Cayenne,GF,2022-07-30 05:51:13,4.9333,-52.3333,76.08,1,0,0.0
375,Baruun-Urt,MN,2022-07-30 05:51:14,46.6806,113.2792,65.53,72,94,10.02
376,Verkhoshizhemye,RU,2022-07-30 05:51:14,58.011,49.1038,72.97,54,100,4.59
377,Xining,CN,2022-07-30 05:51:16,36.6167,101.7667,77.81,44,0,4.76
378,Alekseyevka,RU,2022-07-30 05:51:16,50.6309,38.6903,71.4,54,9,7.36
379,Bantry,IE,2022-07-30 05:51:17,51.6833,-9.45,61.79,97,100,8.08
380,Ternate,ID,2022-07-30 05:51:17,0.8,127.4,83.35,74,67,7.18
381,Coahuayana,MX,2022-07-30 05:51:18,18.7333,-103.6833,76.86,92,95,3.02
382,Vinh,VN,2022-07-30 05:51:18,18.6667,105.6667,91.96,58,100,3.98
383,Boyolangu,ID,2022-07-30 05:51:18,-8.1181,111.8935,81.97,62,72,10.56
384,Kuytun,RU,2022-07-30 05:51:19,54.3419,101.5036,58.96,95,100,13.73
385,Conceicao Do Araguaia,BR,2022-07-30 05:51:20,-8.2578,-49.2647,69.66,47,21,4.09
386,Podor,MR,2022-07-30 05:51:20,16.6527,-14.9587,80.55,83,0,2.3
387,Mount Gambier,AU,2022-07-30 05:51:21,-37.8333,140.7667,54.19,60,97,13.44
388,Mbarara,UG,2022-07-30 05:51:21,-0.608,30.65,68.31,68,100,0.45
389,Owando,CG,2022-07-30 05:51:22,-0.4819,15.8999,72.46,76,33,3.96
390,Chapleau,CA,2022-07-30 05:51:22,47.8405,-83.4034,50.99,98,87,5.32
391,Nizhneudinsk,RU,2022-07-30 05:51:22,54.9076,99.0276,62.74,91,100,11.45
392,Buenos Aires,AR,2022-07-30 05:46:41,-34.6132,-58.3772,52.95,68,0,4.61
393,Haikou,CN,2022-07-30 05:47:13,20.0458,110.3417,91.53,62,40,2.24
394,Pailon,BO,2022-07-30 05:51:23,-17.65,-62.75,58.1,37,67,2.82
395,Nioro,GM,2022-07-30 05:51:24,13.35,-15.75,75.27,91,90,7.25
396,Ahuimanu,US,2022-07-30 05:51:24,21.4447,-157.8378,82.11,74,0,12.66
397,Tarko-Sale,RU,2022-07-30 05:51:25,64.9225,77.785,77.38,44,97,14.72
398,Kirakira,SB,2022-07-30 05:51:25,-10.4544,161.9205,81.5,79,64,7.34
399,Bonthe,SL,2022-07-30 05:51:26,7.5264,-12.505,73.85,76,97,3.8
400,Mount Isa,AU,2022-07-30 05:51:27,-20.7333,139.5,78.57,25,56,6.91
401,Uray,RU,2022-07-30 05:51:27,60.1247,64.7758,77.43,41,92,5.84
402,Rio Gallegos,AR,2022-07-30 05:51:28,-51.6226,-69.2181,39.25,60,0,19.57
403,Catuday,PH,2022-07-30 05:51:28,16.2923,119.8062,83.8,72,59,6.55
404,Yar-Sale,RU,2022-07-30 05:51:29,66.8333,70.8333,65.64,58,84,16.82
405,Wilmington,US,2022-07-30 05:49:50,34.2257,-77.9447,82.31,83,0,8.05
406,Alexandria,EG,2022-07-30 05:49:59,31.2156,29.9553,80.56,69,0,4.61
407,Chernyshevskiy,RU,2022-07-30 05:51:30,63.0128,112.4714,71.65,60,96,9.28
408,Lianzhou,CN,2022-07-30 05:51:30,24.7811,112.3825,97.05,45,49,1.36
409,Huarmey,PE,2022-07-30 05:51:31,-10.0681,-78.1522,61.34,88,17,7.4
410,Williamsport,US,2022-07-30 05:50:34,41.2412,-77.0011,69.82,89,40,5.75
411,Aksehir,TR,2022-07-30 05:51:32,38.3575,31.4164,78.82,36,1,3.56
412,Kaabong,UG,2022-07-30 05:51:32,3.4836,34.1492,67.86,69,89,7.56
413,Ciudad Bolivar,VE,2022-07-30 05:51:33,8.1222,-63.5497,75.79,86,97,7.56
414,Baherden,TM,2022-07-30 05:51:33,38.4362,57.4316,87.21,50,49,6.78
415,Dori,BF,2022-07-30 05:51:34,14.0354,-0.0345,77.31,75,59,7.56
416,Lensk,RU,2022-07-30 05:51:34,60.7253,114.9278,74.66,64,45,1.12
417,Marshall,US,2022-07-30 05:51:35,34.3834,-86.3333,78.37,93,75,3.44
418,Catamarca,AR,2022-07-30 05:51:35,-28.4696,-65.7852,59.77,47,1,1.99
419,Mill Valley,US,2022-07-30 05:51:36,37.906,-122.545,61.86,90,62,10.0
420,Thinadhoo,MV,2022-07-30 05:51:37,0.5333,72.9333,80.46,81,100,18.59
421,Birmitrapur,IN,2022-07-30 05:51:37,22.4,84.7667,92.52,52,46,7.99
422,Varjota,BR,2022-07-30 05:51:38,-4.1944,-40.4767,73.08,78,57,3.38
423,Koslan,RU,2022-07-30 05:51:38,63.4564,48.8989,77.2,42,27,7.34
424,Villablino,ES,2022-07-30 05:51:40,42.9393,-6.3194,57.83,84,23,3.51
425,Nsanje,MW,2022-07-30 05:51:40,-16.92,35.262,67.51,72,0,2.39
426,Kruisfontein,ZA,2022-07-30 05:51:41,-34.0033,24.7314,52.48,83,100,9.42
427,Tiznit,MA,2022-07-30 05:51:41,29.5833,-9.5,78.71,31,0,2.68
428,Aguimes,ES,2022-07-30 05:51:42,27.9054,-15.4461,70.43,73,20,26.46
429,Dehui,CN,2022-07-30 05:51:42,44.5333,125.7,80.31,77,99,14.29
430,Nador,MA,2022-07-30 05:51:42,35.174,-2.9287,79.05,83,100,8.05
431,Ballina,AU,2022-07-30 05:51:43,-28.8667,153.5667,60.78,79,69,11.03
432,Gashua,NG,2022-07-30 05:51:44,12.871,11.0482,77.95,71,95,12.12
433,Licata,IT,2022-07-30 05:51:44,37.1071,13.9461,84.24,61,0,4.07
434,Jaque,PA,2022-07-30 05:51:45,7.5175,-78.1703,78.35,86,100,1.45
435,Pilar,BR,2022-07-30 05:51:46,-9.5972,-35.9567,73.33,96,61,1.01
436,Blackwater,AU,2022-07-30 05:51:46,-23.5833,148.8833,68.45,41,28,15.32
437,Tigil,RU,2022-07-30 05:51:47,57.8,158.6667,58.59,66,80,12.55
438,Vilyuysk,RU,2022-07-30 05:51:47,63.7553,121.6247,82.67,47,82,3.15
439,Zhanaozen,KZ,2022-07-30 05:51:48,43.3,52.8,86.2,35,1,7.45
440,Vila Do Maio,CV,2022-07-30 05:51:48,15.1333,-23.2167,75.99,80,100,9.1
441,Vostok,RU,2022-07-30 05:51:49,46.4856,135.8833,78.89,67,75,12.97
442,Lazaro Cardenas,MX,2022-07-30 05:51:49,17.9583,-102.2,77.63,86,63,3.51
443,Laje,BR,2022-07-30 05:51:50,-10.1833,-40.9667,65.57,86,60,4.61
444,Ajdabiya,LY,2022-07-30 05:51:50,30.7554,20.2263,81.72,55,0,4.47
445,Walvis Bay,NA,2022-07-30 05:51:51,-22.9575,14.5053,40.15,93,0,5.75
446,Dunedin,NZ,2022-07-30 05:51:51,-45.8742,170.5036,41.81,81,100,4.83
447,Eureka,US,2022-07-30 05:49:09,40.8021,-124.1637,58.93,90,86,4.34
448,Beitbridge,ZW,2022-07-30 05:51:52,-22.2167,30.0,61.56,44,1,3.87
449,Sinop,TR,2022-07-30 05:51:53,41.7711,34.8709,74.82,46,0,4.32
450,Sao Jose Da Coroa Grande,BR,2022-07-30 05:51:53,-8.8978,-35.1478,74.77,88,95,5.61
451,Charters Towers,AU,2022-07-30 05:51:54,-20.1,146.2667,71.8,42,2,14.65
452,Haines Junction,CA,2022-07-30 05:51:54,60.7522,-137.5108,64.35,55,96,4.61
453,Escanaba,US,2022-07-30 05:51:55,45.7453,-87.0646,62.91,100,0,0.0
454,Bratsk,RU,2022-07-30 05:51:19,56.1325,101.6142,66.69,93,97,7.25
455,Pangody,RU,2022-07-30 05:51:56,65.85,74.4859,77.83,38,48,12.93
456,Ekibastuz,KZ,2022-07-30 05:51:57,51.6667,75.3667,72.19,66,96,9.6
457,Am Timan,TD,2022-07-30 05:51:57,11.0297,20.2827,72.01,89,100,4.05
458,Norman Wells,CA,2022-07-30 05:51:58,65.282,-126.8329,57.24,77,40,3.44
459,College,US,2022-07-30 05:51:58,64.8569,-147.8028,73.35,36,75,3.44
460,Yekaterinoslavka,RU,2022-07-30 05:51:59,50.3734,129.1139,84.61,52,99,5.53
461,Alyangula,AU,2022-07-30 05:51:59,-13.8483,136.4192,76.87,57,45,7.87
462,Manicore,BR,2022-07-30 05:51:59,-5.8092,-61.3003,71.55,94,10,0.0
463,Garoua Boulai,CM,2022-07-30 05:52:00,5.8833,14.55,62.91,94,100,2.73
464,Oussouye,SN,2022-07-30 05:52:00,12.485,-16.5469,77.18,84,93,9.6
465,Parana,AR,2022-07-30 05:51:01,-31.732,-60.5238,51.55,70,94,6.8
466,Niono,ML,2022-07-30 05:52:01,14.2526,-5.993,74.37,79,98,6.69
467,Constitucion,CL,2022-07-30 05:52:02,-35.3333,-72.4167,49.89,74,56,5.53
468,Hebi,CN,2022-07-30 05:52:03,35.8992,114.1925,85.57,61,38,6.15
469,Orlik,RU,2022-07-30 05:52:04,52.5178,99.825,70.32,38,94,14.14
470,Strezhevoy,RU,2022-07-30 05:52:04,60.7333,77.5889,77.02,43,1,10.18
471,Jieshou,CN,2022-07-30 05:52:05,33.2634,115.3611,88.27,61,48,4.23
472,Kupang,ID,2022-07-30 05:52:05,-10.1667,123.5833,83.59,57,48,6.04
473,Malakal,SS,2022-07-30 05:52:06,9.5334,31.6605,74.84,85,96,2.73
474,Ponta Delgada,PT,2022-07-30 05:52:06,37.7333,-25.6667,72.32,83,75,3.44
475,Lasa,IT,2022-07-30 05:52:07,46.6166,10.7002,59.88,84,37,6.89
476,Puerto Escondido,MX,2022-07-30 05:52:08,15.85,-97.0667,79.56,83,100,3.22
477,Gigmoto,PH,2022-07-30 05:52:08,13.7796,124.39,86.09,71,100,10.58
478,Waingapu,ID,2022-07-30 05:52:09,-9.6567,120.2641,83.88,57,83,16.69
479,Buena Vista,US,2022-07-30 05:48:42,43.4203,-83.8986,64.58,78,0,3.44
480,Lerwick,GB,2022-07-30 05:52:10,60.1545,-1.1494,57.2,93,100,27.07
481,Sao Joao Da Barra,BR,2022-07-30 05:52:10,-21.6403,-41.0511,67.87,84,94,13.13
482,Bontang,ID,2022-07-30 05:52:10,0.1333,117.5,82.36,80,91,1.25
483,Floro,NO,2022-07-30 05:52:11,61.5996,5.0328,57.24,82,100,8.05
484,Ust-Kuyga,RU,2022-07-30 05:52:12,70.0167,135.6,69.62,41,99,11.01
485,Atyrau,KZ,2022-07-30 05:52:12,47.1167,51.8833,89.62,25,0,8.95
486,Gevrai,IN,2022-07-30 05:52:13,19.2667,75.75,86.02,61,81,9.33
487,Vagur,FO,2022-07-30 05:52:13,61.4732,-6.8119,52.39,98,100,22.53
488,Selma,US,2022-07-30 05:52:14,36.5708,-119.6121,91.45,49,40,10.36
489,Maamba,ZM,2022-07-30 05:52:14,-17.3667,27.15,60.39,37,9,2.19
490,Marawi,PH,2022-07-30 05:52:15,7.9986,124.2928,78.76,81,99,2.91
491,Atkarsk,RU,2022-07-30 05:52:15,51.8718,45.0078,66.67,90,96,5.08
492,Pauini,BR,2022-07-30 05:52:16,-7.7136,-66.9764,71.55,62,19,1.07
493,Samarai,PG,2022-07-30 05:52:16,-10.6167,150.6667,80.74,77,19,9.71
494,Atar,MR,2022-07-30 05:52:17,20.5169,-13.0499,80.08,64,84,13.8
495,Baloda Bazar,IN,2022-07-30 05:52:17,21.6667,82.1667,91.35,54,78,7.29
496,Omboue,GA,2022-07-30 05:52:18,-1.5746,9.2618,71.87,88,92,3.6
497,Hurricane,US,2022-07-30 05:52:18,37.1753,-113.2899,76.51,49,83,0.96
498,Ayan,RU,2022-07-30 05:52:19,56.45,138.1667,58.06,97,100,16.28
499,Barsovo,RU,2022-07-30 05:52:19,61.1667,73.1667,78.93,43,63,13.62
500,Concepcion,CL,2022-07-30 05:52:20,-36.827,-73.0498,46.2,93,100,6.91
501,Los Llanos De Aridane,ES,2022-07-30 05:52:20,28.6585,-17.9182,69.12,77,75,14.97
502,Ortona,IT,2022-07-30 05:52:21,42.3496,14.4039,81.39,74,4,10.45
503,Dzhebariki-Khaya,RU,2022-07-30 05:52:22,62.2167,135.8,89.56,32,14,9.01
504,Manzanillo,CU,2022-07-30 05:52:22,20.3433,-77.1167,74.8,86,36,5.5
505,Porto Tolle,IT,2022-07-30 05:52:23,44.9497,12.3245,74.03,88,22,6.64
506,Volodarskiy,RU,2022-07-30 05:52:24,46.4013,48.5409,87.75,26,4,9.08
507,Ca Mau,VN,2022-07-30 05:52:20,9.1769,105.15,92.26,54,24,11.16
508,Bako,ET,2022-07-30 05:52:25,5.7833,36.5667,68.02,68,97,1.05
509,Raga,SS,2022-07-30 05:52:25,8.4596,25.678,70.66,90,62,6.85
510,Ribeira Brava,PT,2022-07-30 05:52:25,32.65,-17.0667,74.01,83,17,4.47
511,Wynyard,AU,2022-07-30 05:52:26,-41.0,145.7167,50.97,58,59,10.04
512,Edd,ER,2022-07-30 05:52:26,13.9297,41.6925,93.29,56,86,0.63
513,Naze,JP,2022-07-30 05:52:27,28.3667,129.4833,81.52,84,96,20.31
514,Ararat,AM,2022-07-30 05:52:29,39.8317,44.7049,82.74,39,0,2.28
515,Zelenoborskiy,RU,2022-07-30 05:52:29,66.845,32.3622,48.61,91,100,12.66
516,Umm Lajj,SA,2022-07-30 05:52:29,25.0213,37.2685,90.34,47,14,8.66
517,Kozhva,RU,2022-07-30 05:52:30,65.1073,57.0459,78.93,54,74,8.1
518,Onega,RU,2022-07-30 05:52:30,63.9061,38.1404,62.55,85,100,6.11
519,Kavaratti,IN,2022-07-30 05:52:31,10.5669,72.642,81.32,82,84,16.64
520,Viedma,AR,2022-07-30 05:52:31,-40.8135,-62.9967,47.62,55,55,6.22
521,Dedougou,BF,2022-07-30 05:52:32,12.4667,-3.4667,73.99,85,100,4.41
522,Bac Lieu,VN,2022-07-30 05:52:32,9.285,105.7244,87.8,66,32,10.31
523,Tchibanga,GA,2022-07-30 05:52:33,-2.85,11.0333,68.77,86,84,1.57
524,Sidi Ali,DZ,2022-07-30 05:52:33,36.0998,0.4206,76.35,81,14,8.7
525,Kanniyakumari,IN,2022-07-30 05:52:34,8.0833,77.5667,83.7,75,71,9.69
526,Cururupu,BR,2022-07-30 05:52:35,-1.8283,-44.8683,75.04,91,15,3.67
527,Mbala,ZM,2022-07-30 05:52:35,-8.8402,31.3659,61.65,59,65,10.6
528,Sakakah,SA,2022-07-30 05:52:36,29.9697,40.2064,94.57,9,5,11.9
529,Muromtsevo,RU,2022-07-30 05:52:36,56.3724,75.2418,71.28,57,62,8.59
530,Mayumba,GA,2022-07-30 05:52:37,-3.432,10.6554,70.99,91,68,0.92
531,Najran,SA,2022-07-30 05:52:37,17.4924,44.1277,88.45,31,44,7.7
532,Guiratinga,BR,2022-07-30 05:52:38,-16.3494,-53.7583,62.19,74,15,2.53
533,Novyy Urengoy,RU,2022-07-30 05:50:30,66.0833,76.6333,77.25,42,28,13.89
534,Cap Malheureux,MU,2022-07-30 05:52:38,-19.9842,57.6142,72.46,64,48,11.01
535,Turukhansk,RU,2022-07-30 05:52:39,65.8167,87.9833,79.92,43,68,13.27
536,Rimouski,CA,2022-07-30 05:48:21,48.4488,-68.524,64.58,84,46,9.19
537,Noboribetsu,JP,2022-07-30 05:52:40,42.4514,141.1731,78.24,70,100,5.91
538,Inhambane,MZ,2022-07-30 05:52:40,-23.865,35.3833,57.18,94,20,0.0
539,Richards Bay,ZA,2022-07-30 05:52:41,-28.783,32.0377,67.42,79,60,4.09
540,Prabumulih,ID,2022-07-30 05:52:42,-3.45,104.25,78.73,91,100,2.33
541,Ucluelet,CA,2022-07-30 05:52:42,48.9329,-125.5528,61.61,84,8,1.86
542,Vao,NC,2022-07-30 05:52:43,-22.6667,167.4833,67.91,92,100,27.58
543,Halifax,CA,2022-07-30 05:49:24,44.6453,-63.5724,66.09,96,36,3.44
544,Grivenskaya,RU,2022-07-30 05:52:44,45.6473,38.176,88.59,33,8,10.27
545,Grindavik,IS,2022-07-30 05:52:44,63.8424,-22.4338,44.55,93,75,6.91
546,Kenai,US,2022-07-30 05:50:00,60.5544,-151.2583,63.03,77,100,11.5
547,Flinders,AU,2022-07-30 05:48:54,-34.5833,150.8552,61.05,59,5,7.45
548,Fiche,ET,2022-07-30 05:52:46,9.8,38.7333,55.4,79,87,1.92
549,Saint-Junien,FR,2022-07-30 05:52:46,45.8833,0.9,61.38,87,21,1.32
550,Nizwa,OM,2022-07-30 05:52:47,22.9333,57.5333,86.52,59,100,4.14
551,Ayolas,PY,2022-07-30 05:52:47,-27.4,-56.9,45.99,76,44,4.29
552,Den Helder,NL,2022-07-30 05:52:48,52.9599,4.7593,63.99,79,3,7.0
553,Praia,CV,2022-07-30 05:52:48,14.9215,-23.5087,75.74,88,75,9.22
554,The Valley,AI,2022-07-30 05:50:05,18.217,-63.0578,82.26,82,64,24.85
555,Port Augusta,AU,2022-07-30 05:52:49,-32.5,137.7667,61.86,30,100,16.84
556,Racine,US,2022-07-30 05:52:50,42.7495,-88.0751,65.43,86,1,4.25
557,Ancud,CL,2022-07-30 05:52:51,-41.8697,-73.8203,45.23,93,89,5.41
558,Chigorodo,CO,2022-07-30 05:52:52,7.6664,-76.6811,75.16,97,74,1.52
559,Salta,AR,2022-07-30 05:52:52,-24.7859,-65.4117,45.57,86,0,6.91
560,Fallon,US,2022-07-30 05:52:53,39.4735,-118.7774,84.45,18,40,5.75
561,Alekseyevsk,RU,2022-07-30 05:52:54,57.8406,108.3492,66.16,76,100,0.65
562,Ranong,TH,2022-07-30 05:52:54,9.9658,98.6348,84.13,75,96,9.17
563,Isangel,VU,2022-07-30 05:52:55,-19.55,169.2667,75.88,79,100,5.82
564,Mayo,US,2022-07-30 05:52:56,38.8876,-76.5119,75.94,91,100,3.44
565,Namibe,AO,2022-07-30 05:52:56,-15.1961,12.1522,60.19,89,61,3.98
566,Wanning,CN,2022-07-30 05:52:57,18.8003,110.3967,89.85,63,95,8.63
567,Porbandar,IN,2022-07-30 05:52:57,21.6422,69.6093,84.18,79,40,10.36
568,Ouegoa,NC,2022-07-30 05:52:58,-20.35,164.4333,71.89,86,92,8.55
569,Ahipara,NZ,2022-07-30 05:52:58,-35.1667,173.1667,56.62,74,63,11.9
570,Talara,PE,2022-07-30 05:52:59,-4.5772,-81.2719,64.36,82,6,13.73
571,Mwinilunga,ZM,2022-07-30 05:52:59,-11.7358,24.4293,59.16,42,5,4.74
572,Endwell,US,2022-07-30 05:53:00,42.1129,-76.021,68.45,82,75,3.44
573,Gushikawa,JP,2022-07-30 05:53:00,26.3544,127.8686,89.19,74,75,14.97
574,Bonavista,CA,2022-07-30 05:53:01,48.6499,-53.1147,57.4,94,92,11.41
575,Funtua,NG,2022-07-30 05:53:01,11.5233,7.3081,67.86,93,82,7.29
576,Aracati,BR,2022-07-30 05:53:02,-4.5617,-37.7697,77.29,83,54,10.42
